{
 "qtm": [
  48.0,
  38.833333333333336,
  37.957081545064376,
  37.81179330619629,
  37.779272295029266
 ],
 "htm": [
  72.0,
  57.05555555555556,
  55.542356377799415,
  55.28062655587111
 ]
}