{
 "iid": {
  "1": {
   "model": "iid",
   "L": 1,
   "M": 20000,
   "mean": 1.0,
   "se": 0.0,
   "eff": 1.0,
   "red": 0.0,
   "red_wilson": [
    0.0,
    0.00019
   ],
   "counts": {
    "1": 20000
   }
  },
  "2": {
   "model": "iid",
   "L": 2,
   "M": 20000,
   "mean": 1.959,
   "se": 0.002,
   "eff": 0.9795,
   "red": 0.0205,
   "red_wilson": [
    0.01863,
    0.02256
   ],
   "counts": {
    "0": 410,
    "2": 19590
   }
  },
  "3": {
   "model": "iid",
   "L": 3,
   "M": 20000,
   "mean": 2.9031,
   "se": 0.003,
   "eff": 0.9677,
   "red": 0.04845,
   "red_wilson": [
    0.04556,
    0.05151
   ],
   "counts": {
    "1": 969,
    "3": 19031
   }
  },
  "4": {
   "model": "iid",
   "L": 4,
   "M": 20000,
   "mean": 3.8396,
   "se": 0.0039,
   "eff": 0.9599,
   "red": 0.07935,
   "red_wilson": [
    0.07568,
    0.08318
   ],
   "counts": {
    "0": 17,
    "2": 1570,
    "4": 18413
   }
  },
  "5": {
   "model": "iid",
   "L": 5,
   "M": 20000,
   "mean": 4.7724,
   "se": 0.0046,
   "eff": 0.9545,
   "red": 0.1104,
   "red_wilson": [
    0.10613,
    0.11482
   ],
   "counts": {
    "1": 68,
    "3": 2140,
    "5": 17792
   }
  },
  "6": {
   "model": "iid",
   "L": 6,
   "M": 20000,
   "mean": 5.7012,
   "se": 0.0053,
   "eff": 0.9502,
   "red": 0.14225,
   "red_wilson": [
    0.13748,
    0.14716
   ],
   "counts": {
    "2": 143,
    "4": 2702,
    "6": 17155
   }
  },
  "7": {
   "model": "iid",
   "L": 7,
   "M": 20000,
   "mean": 6.6455,
   "se": 0.0058,
   "eff": 0.9494,
   "red": 0.1657,
   "red_wilson": [
    0.16061,
    0.17092
   ],
   "counts": {
    "1": 2,
    "3": 227,
    "5": 3085,
    "7": 16686
   }
  },
  "8": {
   "model": "iid",
   "L": 8,
   "M": 4000,
   "mean": 7.553,
   "se": 0.0148,
   "eff": 0.9441,
   "red": 0.20175,
   "red_wilson": [
    0.1896,
    0.21447
   ],
   "counts": {
    "2": 4,
    "4": 79,
    "6": 724,
    "8": 3193
   }
  },
  "9": {
   "model": "iid",
   "L": 9,
   "M": 400,
   "mean": 8.455,
   "se": 0.0523,
   "eff": 0.9394,
   "red": 0.2375,
   "red_wilson": [
    0.19842,
    0.28158
   ],
   "counts": {
    "3": 1,
    "5": 12,
    "7": 82,
    "9": 305
   }
  }
 },
 "nii": {
  "2": {
   "model": "nii",
   "L": 2,
   "M": 20000,
   "mean": 2.0,
   "se": 0.0,
   "eff": 1.0,
   "red": 0.0,
   "red_wilson": [
    0.0,
    0.00019
   ],
   "counts": {
    "2": 20000
   }
  },
  "3": {
   "model": "nii",
   "L": 3,
   "M": 20000,
   "mean": 2.9822,
   "se": 0.0013,
   "eff": 0.9941,
   "red": 0.0089,
   "red_wilson": [
    0.00769,
    0.0103
   ],
   "counts": {
    "1": 178,
    "3": 19822
   }
  },
  "4": {
   "model": "nii",
   "L": 4,
   "M": 20000,
   "mean": 3.9582,
   "se": 0.002,
   "eff": 0.9896,
   "red": 0.0208,
   "red_wilson": [
    0.01891,
    0.02287
   ],
   "counts": {
    "0": 2,
    "2": 414,
    "4": 19584
   }
  },
  "5": {
   "model": "nii",
   "L": 5,
   "M": 20000,
   "mean": 4.9288,
   "se": 0.0027,
   "eff": 0.9858,
   "red": 0.03485,
   "red_wilson": [
    0.0324,
    0.03748
   ],
   "counts": {
    "1": 15,
    "3": 682,
    "5": 19303
   }
  },
  "6": {
   "model": "nii",
   "L": 6,
   "M": 20000,
   "mean": 5.9069,
   "se": 0.0031,
   "eff": 0.9845,
   "red": 0.0453,
   "red_wilson": [
    0.0425,
    0.04827
   ],
   "counts": {
    "2": 25,
    "4": 881,
    "6": 19094
   }
  },
  "7": {
   "model": "nii",
   "L": 7,
   "M": 20000,
   "mean": 6.8804,
   "se": 0.0035,
   "eff": 0.9829,
   "red": 0.05735,
   "red_wilson": [
    0.05421,
    0.06066
   ],
   "counts": {
    "1": 1,
    "3": 47,
    "5": 1099,
    "7": 18853
   }
  }
 },
 "nsf": {
  "2": {
   "model": "nsf",
   "L": 2,
   "M": 20000,
   "mean": 2.0,
   "se": 0.0,
   "eff": 1.0,
   "red": 0.0,
   "red_wilson": [
    0.0,
    0.00019
   ],
   "counts": {
    "2": 20000
   }
  },
  "3": {
   "model": "nsf",
   "L": 3,
   "M": 20000,
   "mean": 2.9882,
   "se": 0.0011,
   "eff": 0.9961,
   "red": 0.0059,
   "red_wilson": [
    0.00493,
    0.00706
   ],
   "counts": {
    "1": 118,
    "3": 19882
   }
  },
  "4": {
   "model": "nsf",
   "L": 4,
   "M": 20000,
   "mean": 3.9777,
   "se": 0.0015,
   "eff": 0.9944,
   "red": 0.011,
   "red_wilson": [
    0.00965,
    0.01254
   ],
   "counts": {
    "0": 3,
    "2": 217,
    "4": 19780
   }
  },
  "5": {
   "model": "nsf",
   "L": 5,
   "M": 20000,
   "mean": 4.9634,
   "se": 0.0019,
   "eff": 0.9927,
   "red": 0.0178,
   "red_wilson": [
    0.01606,
    0.01973
   ],
   "counts": {
    "1": 10,
    "3": 346,
    "5": 19644
   }
  },
  "6": {
   "model": "nsf",
   "L": 6,
   "M": 20000,
   "mean": 5.9527,
   "se": 0.0022,
   "eff": 0.9921,
   "red": 0.023,
   "red_wilson": [
    0.02101,
    0.02517
   ],
   "counts": {
    "2": 13,
    "4": 447,
    "6": 19540
   }
  },
  "7": {
   "model": "nsf",
   "L": 7,
   "M": 20000,
   "mean": 6.9313,
   "se": 0.0027,
   "eff": 0.9902,
   "red": 0.03315,
   "red_wilson": [
    0.03076,
    0.03572
   ],
   "counts": {
    "3": 24,
    "5": 639,
    "7": 19337
   }
  }
 }
}