{
 "cube_qtm": [
  1,
  12,
  114,
  1068,
  10011,
  93840
 ],
 "cube_ftm": [
  1,
  18,
  243,
  3240,
  43239
 ],
 "qtm": [
  1,
  48,
  1864,
  70752,
  2675260
 ],
 "htm": [
  1,
  72,
  4108,
  228168
 ],
 "qtm_N5": 101069376,
 "htm_N4": 12613270,
 "qtm_diam_lb": 72,
 "htm_diam_lb": 65,
 "qtm_scale": 76.2,
 "htm_scale": 69.0,
 "branching": {
  "qtm": [
   48.0,
   38.833333333333336,
   37.957081545064376,
   37.81179330619629,
   37.779272295029266
  ],
  "htm": [
   72.0,
   57.05555555555556,
   55.542356377799415,
   55.28062655587111
  ]
 }
}